protein_id,index
YAL001C,0
YBR123C,1
YDR362C,2
YDR381W,3
YGR047C,4
YOR110W,5
YAL007C,6
YAR002C-A,7
YBL003C,8
YBR009C,9
YDR086C,10
YDR174W,11
YGL008C,12
YGL055W,13
YGL200C,14
YGR231C,15
YJL034W,16
YLR075W,17
YLR150W,18
YLR342W,19
YML012W,20
YMR214W,21
YNL055C,22
YAL011W,23
YDR190C,24
YDR334W,25
YDR485C,26
YJL081C,27
YLR085C,28
YML041C,29
YPL235W,30
YAL016W,31
YDL134C,32
YDL188C,33
YGL190C,34
YGR161C,35
YML109W,36
YMR273C,37
YNL209W,38
YOR014W,39
YPL152W,40
YAL017W,41
YAL019W,42
YAL026C,43
YIL035C,44
YAL021C,45
YCR093W,46
YDR252W,47
YNR052C,48
YAL024C,49
YNL312W,50
YML069W,51
YAL027W,52
YCR009C,53
YCR028C-A,54
YDL014W,55
YDR388W,56
YGL106W,57
YIL095W,58
YIL105C,59
YLL018C,60
YLR429W,61
YML095C,62
YNL106C,63
YOR294W,64
YPL004C,65
YPL022W,66
YPL146C,67
YPR171W,68
YAL033W,69
YBR257W,70
YHR062C,71
YNL221C,72
YAL034C,73
YER110C,74
YAL034W-A,75
YIR010W,76
YPL233W,77
YAL043C,78
YAL046C,79
YBL076C,80
YBL101C,81
YBR119W,82
YDL199C,83
YDR195W,84
YGR156W,85
YJR093C,86
YKL059C,87
YLR115W,88
YLR277C,89
YLR303W,90
YAL051W,91
YCR087C-A,92
YDR060W,93
YDR412W,94
YIL036W,95
YKL172W,96
YLR197W,97
YOR310C,98
YPR169W,99
YAL059W,100
YMR124W,101
YAL060W,102
YAL061W,103
YAR002W,104
YLR335W,105
YLR347C,106
YNL189W,107
YAR003W,108
YBR175W,109
YDR469W,110
YLR015W,111
YPL138C,112
YAR007C,113
YBL002W,114
YDL140C,115
YDR129C,116
YEL030W,117
YFL014W,118
YHR164C,119
YJL173C,120
YAL062W,121
YAR071W,122
YBR093C,123
YCR038C,124
YFR055W,125
YGL245W,126
YGL207W,127
YGL241W,128
YKR048C,129
YMR072W,130
YOL012C,131
YOL054W,132
YBL046W,133
YBR010W,134
YHL024W,135
YIL148W,136
YIL173W,137
YML103C,138
YMR044W,139
YNL201C,140
YOR058C,141
YOR061W,142
YBL008W,143
YBR215W,144
YBL016W,145
YBR072W,146
YDR171W,147
YLR259C,148
YNL246W,149
YBL019W,150
YBL021C,151
YOR358W,152
YBL024W,153
YIL070C,154
YBL026W,155
YJR022W,156
YMR268C,157
YBL032W,158
YGL105W,159
YBL035C,160
YNL102W,161
YBL036C,162
YBL037W,163
YNL265C,164
YOL062C,165
YBL038W,166
YGR093W,167
YJL200C,168
YKR006C,169
YLR399C,170
YBL039C,171
YGL022W,172
YBL041W,173
YFR050C,174
YGL011C,175
YGR135W,176
YGR253C,177
YJL001W,178
YML092C,179
YMR314W,180
YOL038W,181
YOR362C,182
YPR103W,183
YBL045C,184
YPR191W,185
YDR075W,186
YDR293C,187
YML010W,188
YBL047C,189
YJL148W,190
YBL052C,191
YPR031W,192
YBL056W,193
YLR240W,194
YBL058W,195
YDL126C,196
YHR064C,197
YBL067C,198
YER030W,199
YML105C,200
YOL087C,201
YAL020C,202
YBL071W-A,203
YDR385W,204
YEL037C,205
YIL103W,206
YKL191W,207
YLR384C,208
YBL074C,209
YGR074W,210
YHR165C,211
YPR182W,212
YBL079W,213
YBL084C,214
YGL240W,215
YBL086C,216
YLR045C,217
YBL093C,218
YBR193C,219
YBR253W,220
YDL005C,221
YDR308C,222
YER022W,223
YGL025C,224
YGL127C,225
YGR198W,226
YHR058C,227
YHR121W,228
YNR010W,229
YOL051W,230
YOR174W,231
YPR070W,232
YPR168W,233
YBL097W,234
YFR031C,235
YLR086W,236
YLR272C,237
YBL103C,238
YOL067C,239
YBR001C,240
YBR109C,241
YBR127C,242
YCL040W,243
YEL056W,244
YJL115W,245
YLL022C,246
YMR284W,247
YOR217W,248
YPL001W,249
YBR245C,250
YGR081C,251
YMR288W,252
YNL054W,253
YNL167C,254
YPR052C,255
YBR017C,256
YBR189W,257
YGL122C,258
YBR030W,259
YLR244C,260
YBR049C,261
YBR054W,262
YBR055C,263
YER029C,264
YBR057C,265
YLL040C,266
YBR058C,267
YBR112C,268
YDL182W,269
YPL085W,270
YBR060C,271
YHR118C,272
YLL004W,273
YML065W,274
YPR162C,275
YBR062C,276
YMR083W,277
YBR067C,278
YER151C,279
YJL047C,280
YOR159C,281
YPR056W,282
YBR079C,283
YDR429C,284
YER025W,285
YJR007W,286
YJR045C,287
YLR192C,288
YMR146C,289
YMR186W,290
YMR309C,291
YNL244C,292
YOR361C,293
YPR041W,294
YPR116W,295
YBR081C,296
YBR198C,297
YLR055C,298
YMR223W,299
YOL148C,300
YBR082C,301
YDR059C,302
YER068W,303
YKL010C,304
YBR084W,305
YDL130W,306
YBR087W,307
YCL016C,308
YDR087C,309
YEL026W,310
YJR068W,311
YLR223C,312
YNL290W,313
YBR094W,314
YEL015W,315
YAL013W,316
YBR095C,317
YIL084C,318
YMR263W,319
YNL097C,320
YNL330C,321
YOL004W,322
YPL139C,323
YPL181W,324
YBR101C,325
YBR115C,326
YBR103W,327
YCR033W,328
YDR155C,329
YIL112W,330
YKR029C,331
YBR107C,332
YBR211C,333
YDR254W,334
YDR318W,335
YGR179C,336
YJR135C,337
YLR315W,338
YPL018W,339
YPR046W,340
YBR108W,341
YGR086C,342
YGL242C,343
YMR109W,344
YMR315W,345
YGR013W,346
YIL061C,347
YKL012W,348
YLR147C,349
YLR275W,350
YML046W,351
YPL007C,352
YBR125C,353
YDR071C,354
YDL185W,355
YDR328C,356
YEL051W,357
YGR020C,358
YHR039C-A,359
YJR033C,360
YPR036W,361
YAL029C,362
YBR130C,363
YKL130C,364
YBR131W,365
YGL124C,366
YBR135W,367
YDR099W,368
YJL138C,369
YLL050C,370
YLR079W,371
YLR109W,372
YBR139W,373
YER062C,374
YBR148W,375
YER006W,376
YBL005W,377
YBR149W,378
YBR150C,379
YLR106C,380
YBR154C,381
YDL115C,382
YDL150W,383
YDR156W,384
YFL023W,385
YGL043W,386
YGL070C,387
YGR005C,388
YGR063C,389
YGR186W,390
YIL021W,391
YJL140W,392
YLR200W,393
YNL113W,394
YNL248C,395
YOL005C,396
YOR151C,397
YOR210W,398
YOR224C,399
YOR340C,400
YOR341W,401
YPL129W,402
YPR110C,403
YPR187W,404
YBR155W,405
YJR031C,406
YAL023C,407
YBR159W,408
YBL060W,409
YJL123C,410
YJR065C,411
YLR314C,412
YNR035C,413
YOR233W,414
YBR167C,415
YBR169C,416
YBR173C,417
YER012W,418
YER094C,419
YGL096W,420
YKL206C,421
YKR054C,422
YLR199C,423
YOR157C,424
YBR258C,425
YHR029C,426
YHR119W,427
YJR009C,428
YJR094W-A,429
YKL018W,430
YBR187W,431
YOL041C,432
YPL217C,433
YPR112C,434
YBL082C,435
YGL151W,436
YGR116W,437
YMR112C,438
YNL236W,439
YOR192C,440
YBR194W,441
YPR152C,442
YBR195C,443
YML102W,444
YPR018W,445
YBR197C,446
YLR423C,447
YDR145W,448
YDR167W,449
YGL112C,450
YGR274C,451
YML015C,452
YMR005W,453
YMR227C,454
YMR236W,455
YPL011C,456
YPL254W,457
YBR212W,458
YDR304C,459
YIR037W,460
YNL135C,461
YPL037C,462
YOR038C,463
YBR218C,464
YGL062W,465
YNL079C,466
YBR225W,467
YGL197W,468
YLR310C,469
YBR229C,470
YDR221W,471
YBR231C,472
YGR002C,473
YLR385C,474
YNL107W,475
YBR234C,476
YDL029W,477
YIL062C,478
YKL013C,479
YLR370C,480
YFR013W,481
YGL133W,482
YLR095C,483
YOL006C,484
YOR304W,485
YBR247C,486
YBL075C,487
YDR346C,488
YKL143W,489
YBR249C,490
YKL056C,491
YBR146W,492
YBR251W,493
YDR041W,494
YDR175C,495
YDR337W,496
YDR347W,497
YGL129C,498
YGR165W,499
YHL004W,500
YIL093C,501
YJR101W,502
YJR113C,503
YKL155C,504
YNL137C,505
YNL242W,506
YNL306W,507
YPL118W,508
YPL240C,509
YHR041C,510
YBR260C,511
YGR196C,512
YAR010C,513
YBR264C,514
YBR267W,515
YBR268W,516
YDL202W,517
YNL185C,518
YBR278W,519
YCL032W,520
YDR121W,521
YMR224C,522
YNL262W,523
YPR175W,524
YAL036C,525
YBR279W,526
YGL244W,527
YLL063C,528
YLR418C,529
YOL145C,530
YOR040W,531
YOR123C,532
YBR281C,533
YBR288C,534
YGR261C,535
YCL010C,536
YDR176W,537
YDR448W,538
YCL011C,539
YDR138W,540
YHR167W,541
YML062C,542
YNL139C,543
YCL014W,544
YFR053C,545
YJL052W,546
YLR058C,547
YHR191C,548
YMR078C,549
YPL023C,550
YCL017C,551
YKR064W,552
YCL024W,553
YCL029C,554
YDR466W,555
YMR019W,556
YMR134W,557
YCL031C,558
YGR090W,559
YBR185C,560
YGL157W,561
YCR002C,562
YDL225W,563
YDR507C,564
YHR107C,565
YJR076C,566
YCR005C,567
YOR323C,568
YCR008W,569
YDL053C,570
YKR081C,571
YLR175W,572
YLR305C,573
YMR229C,574
YOR326W,575
YPL249C,576
YCR020C-A,577
YEL053C,578
YPR051W,579
YCR020W-B,580
YCR052W,581
YDL147W,582
YDR520C,583
YFR037C,584
YGR275W,585
YIL033C,586
YIL126W,587
YKR008W,588
YLR033W,589
YLR321C,590
YLR357W,591
YML127W,592
YMR033W,593
YMR091C,594
YOL070C,595
YOR115C,596
YPR034W,597
YCR030C,598
YCR043C,599
YDL095W,600
YEL036C,601
YCR047C,602
YCR057C,603
YJL069C,604
YLR129W,605
YLR222C,606
YLR409C,607
YCR060W,608
YHR034C,609
YCR066W,610
YGL058W,611
YCR071C,612
YDR405W,613
YGR076C,614
YLR439W,615
YMR024W,616
YNL284C,617
YPL173W,618
YCR073W-A,619
YER064C,620
YLR257W,621
YCR076C,622
YCR077C,623
YER112W,624
YER146W,625
YJL124C,626
YNL147W,627
YCR079W,628
YCR081W,629
YDR443C,630
YPL042C,631
YCR084C,632
YKL213C,633
YCR086W,634
YDR439W,635
YGR126W,636
YLL029W,637
YCR090C,638
YDL002C,639
YER092W,640
YFL013C,641
YGL150C,642
YLR052W,643
YOR141C,644
YDL003W,645
YFL008W,646
YJL074C,647
YDL007W,648
YDR363W-A,649
YDR394W,650
YER021W,651
YFR004W,652
YFR010W,653
YFR052W,654
YGL048C,655
YHR027C,656
YHR200W,657
YIL075C,658
YKL145W,659
YOR117W,660
YOR259C,661
YOR261C,662
YDL013W,663
YER116C,664
YLR369W,665
YOR381W,666
YDL017W,667
YDL019C,668
YAR042W,669
YGL137W,670
YJL207C,671
YDL031W,672
YHR154W,673
YDL036C,674
YDL040C,675
YHR013C,676
YOR253W,677
YDL042C,678
YDR227W,679
YJL076W,680
YOR116C,681
YAL032C,682
YDL043C,683
YCR063W,684
YDL030W,685
YDR482C,686
YGL174W,687
YGR129W,688
YJL203W,689
YML049C,690
YMR240C,691
YPL151C,692
YDL044C,693
YDR400W,694
YLR139C,695
YDL054C,696
YOR315W,697
YDL055C,698
YOR257W,699
YDL056W,700
YLR182W,701
YDL060W,702
YER131W,703
YHR089C,704
YLR435W,705
YNL308C,706
YOR198C,707
YDL070W,708
YDL074C,709
YPL055C,710
YDL076C,711
YDL078C,712
YKR025W,713
YOR207C,714
YDL087C,715
YGL238W,716
YDL051W,717
YDL092W,718
YKL122C,719
YPL210C,720
YPL243W,721
YPR088C,722
YBR171W,723
YBR283C,724
YDL022W,725
YEL002C,726
YGR266W,727
YJL117W,728
YOR093C,729
YOR153W,730
YPL226W,731
YDL097C,732
YAL042W,733
YBL017C,734
YDL215C,735
YDR180W,736
YDR427W,737
YGL095C,738
YGR232W,739
YKL027W,740
YLR421C,741
YPL082C,742
YPR108W,743
YDL100C,744
YBR069C,745
YDR451C,746
YER083C,747
YDL103C,748
YDL105W,749
YDL148C,750
YDR288W,751
YEL019C,752
YOL034W,753
YDL108W,754
YDR460W,755
YDR404C,756
YDL116W,757
YGL092W,758
YDL122W,759
YDR291W,760
YER013W,761
YPL089C,762
YDL125C,763
YBR170C,764
YBR273C,765
YGR048W,766
YMR067C,767
YER032W,768
YGL251C,769
YKL203C,770
YOR386W,771
YDL139C,772
YDR172W,773
YDR289C,774
YDL141W,775
YDL143W,776
YDR188W,777
YGL121C,778
YIL142W,779
YKL054C,780
YKL142W,781
YDL145C,782
YDR238C,783
YFR051C,784
YIL076W,785
YNL287W,786
YPL010W,787
YBL054W,788
YBR080C,789
YCR032W,790
YDR108W,791
YDR320C,792
YHR170W,793
YJL080C,794
YPL242C,795
YPR003C,796
YDR045C,797
YJL011C,798
YKL144C,799
YKL179C,800
YNL151C,801
YNR003C,802
YPR190C,803
YDL155W,804
YBR160W,805
YDL179W,806
YDL130W-A,807
YDL181W,808
YDL131W,809
YDR500C,810
YER122C,811
YGL014W,812
YKR062W,813
YNL132W,814
YPR067W,815
YKL028W,816
YDL190C,817
YDL195W,818
YLR208W,819
YDL201W,820
YDR165W,821
YDL208W,822
YCL059C,823
YCR016W,824
YDL213C,825
YDR381C-A,826
YGR103W,827
YHR072W-A,828
YMR049C,829
YNR067C,830
YOL008W,831
YDL216C,832
YDR179C,833
YAR019C,834
YDL220C,835
YDL235C,836
YKL114C,837
YDL241W,838
YKL157W,839
YDR001C,840
YER177W,841
YPL216W,842
YDR005C,843
YDR006C,844
YGR285C,845
YDR016C,846
YDR201W,847
YGL061C,848
YKR037C,849
YDR017C,850
YMR196W,851
YMR308C,852
YDR022C,853
YDR026C,854
YPL174C,855
YDR043C,856
YDR044W,857
YCL043C,858
YGR087C,859
YDR049W,860
YKL204W,861
YOL139C,862
YDR051C,863
YLR024C,864
YDR052C,865
YDR054C,866
YBR026C,867
YBR280C,868
YDL132W,869
YFL029C,870
YGL173C,871
YGL252C,872
YJR090C,873
YKR009C,874
YOL063C,875
YPR138C,876
YPR164W,877
YOR206W,878
YDR069C,879
YEL041W,880
YJR001W,881
YOR177C,882
YER089C,883
YBR126C,884
YDR074W,885
YML100W,886
YMR261C,887
YLR249W,888
YDR091C,889
YJL005W,890
YJR067C,891
YNL260C,892
YDR092W,893
YGL087C,894
YMR140W,895
YDR097C,896
YOL090W,897
YNR047W,898
YDR101C,899
YDR168W,900
YJL122W,901
YDR103W,902
YDR148C,903
YEL023C,904
YDR111C,905
YER147C,906
YDR118W,907
YHR166C,908
YLR102C,909
YDR120C,910
YLR309C,911
YDR128W,912
YDL084W,913
YNL004W,914
YDL093W,915
YDR139C,916
YNL281W,917
YOR100C,918
YOR216C,919
YDR141C,920
YNL297C,921
YGL066W,922
YGR130C,923
YDR147W,924
YHR087W,925
YIL125W,926
YDR152W,927
YGR173W,928
YIL152W,929
YDR153C,930
YGL213C,931
YJL033W,932
YKL023W,933
YLR398C,934
YPR189W,935
YPR010C,936
YDR463W,937
YJR148W,938
YPR035W,939
YBR143C,940
YML005W,941
YMR230W,942
YOL011W,943
YHR193C,944
YDR208W,945
YGR252W,946
YPL047W,947
YAL047C,948
YMR025W,949
YOL117W,950
YGR113W,951
YKL052C,952
YKR083C,953
YDR207C,954
YDR211W,955
YGR083C,956
YKR026C,957
YLR291C,958
YOR260W,959
YDR213W,960
YML111W,961
YDR214W,962
YDR224C,963
YDR225W,964
YDR233C,965
YPL154C,966
YDR234W,967
YEL034W,968
YLL026W,969
YPL048W,970
YDR235W,971
YDR240C,972
YBR047W,973
YLR051C,974
YOR363C,975
YDR243C,976
YDR246W,977
YDR472W,978
YDR248C,979
YDR251W,980
YJL105W,981
YNR013C,982
YNR062C,983
YDR159W,984
YDR264C,985
YDR272W,986
YLR043C,987
YDR279W,988
YLR154C,989
YDR283C,990
YDR181C,991
YGR167W,992
YKL101W,993
YLL005C,994
YML057W,995
YMR255W,996
YNL047C,997
YNR051C,998
YGL246C,999
YOR048C,1000
YER033C,1001
YJL098W,1002
YKR028W,1003
YDR295C,1004
YNL021W,1005
YPR179C,1006
YDR299W,1007
YER127W,1008
YGR145W,1009
YDR301W,1010
YKR002W,1011
YNL317W,1012
YPR107C,1013
YDR303C,1014
YGR054W,1015
YDR310C,1016
YOR279C,1017
YDR311W,1018
YER168C,1019
YGR098C,1020
YLR005W,1021
YDR314C,1022
YGR006W,1023
YDR320C-A,1024
YPR155C,1025
YDR237W,1026
YDR322W,1027
YDR462W,1028
YNL005C,1029
YNL252C,1030
YDR324C,1031
YDR398W,1032
YEL055C,1033
YGR128C,1034
YHR196W,1035
YJL109C,1036
YMR093W,1037
YPL126W,1038
YDR325W,1039
YDR330W,1040
YDR348C,1041
YDR353W,1042
YHR106W,1043
YDR354W,1044
YER065C,1045
YDR357C,1046
YKL061W,1047
YBL087C,1048
YDR361C,1049
YPL208W,1050
YCR014C,1051
YNL087W,1052
YDR365C,1053
YHR065C,1054
YKL015W,1055
YKL104C,1056
YNR054C,1057
YDR369C,1058
YNL084C,1059
YDR372C,1060
YLR149C,1061
YDR379W,1062
YNL307C,1063
YDR166C,1064
YER023W,1065
YJL046W,1066
YBR098W,1067
YDR386W,1068
YMR192W,1069
YDR390C,1070
YPR180W,1071
YDR392W,1072
YDR397C,1073
YER159C,1074
YKR092C,1075
YDR407C,1076
YKR068C,1077
YDR408C,1078
YDR409W,1079
YDR416W,1080
YBR188C,1081
YIL068C,1082
YJR050W,1083
YLL036C,1084
YLR117C,1085
YMR213W,1086
YDR419W,1087
YDR477W,1088
YER027C,1089
YGL115W,1090
YDR422C,1091
YER162C,1092
YDR425W,1093
YJL036W,1094
YMR191W,1095
YDR440W,1096
YHR067W,1097
YCR082W,1098
YDR449C,1099
YDR436W,1100
YGR223C,1101
YDR453C,1102
YML028W,1103
YDR457W,1104
YLL021W,1105
YER171W,1106
YDR475C,1107
YGL208W,1108
YDR478W,1109
YDR480W,1110
YDR424C,1111
YDR488C,1112
YDR490C,1113
YPL005W,1114
YDR496C,1115
YHL034C,1116
YDR499W,1117
YJR096W,1118
YDR501W,1119
YKR078W,1120
YDR502C,1121
YLR180W,1122
YDR510W,1123
YDR515W,1124
YDL099W,1125
YDR517W,1126
YIL109C,1127
YPR181C,1128
YDR519W,1129
YOL088C,1130
YDR523C,1131
YDR533C,1132
YMR322C,1133
YEL001C,1134
YEL003W,1135
YGR078C,1136
YJL179W,1137
YML094W,1138
YNL153C,1139
YEL005C,1140
YGL079W,1141
YLR408C,1142
YNL086W,1143
YEL012W,1144
YLR410W,1145
YNL118C,1146
YBR034C,1147
YEL016C,1148
YEL018W,1149
YDR359C,1150
YFL024C,1151
YHR090C,1152
YHR099W,1153
YNL136W,1154
YOR244W,1155
YPR023C,1156
YDR454C,1157
YKL216W,1158
YDR081C,1159
YER095W,1160
YML011C,1161
YNR031C,1162
YPL096W,1163
YEL040W,1164
YEL044W,1165
YNL059C,1166
YBR039W,1167
YKL117W,1168
YER007C-A,1169
YJR014W,1170
YDL203C,1171
YEL061C,1172
YJL092W,1173
YJL132W,1174
YLR290C,1175
YER016W,1176
YDL073W,1177
YER018C,1178
YMR117C,1179
YGR104C,1180
YLR071C,1181
YOL135C,1182
YDR028C,1183
YER129W,1184
YBR152W,1185
YOR308C,1186
YPL213W,1187
YPR178W,1188
YBR142W,1189
YER035W,1190
YDL008W,1191
YER047C,1192
YER048W-A,1193
YKL192C,1194
YER049W,1195
YER050C,1196
YDR494W,1197
YGR084C,1198
YGR215W,1199
YHR216W,1200
YLR432W,1201
YMR158W,1202
YMR290C,1203
YNL081C,1204
YOR158W,1205
YPL013C,1206
YER069W,1207
YER070W,1208
YIL066C,1209
YJL026W,1210
YER071C,1211
YIR003W,1212
YDR226W,1213
YER078C,1214
YER081W,1215
YIL074C,1216
YER086W,1217
YLR355C,1218
YER088C,1219
YNL091W,1220
YER090W,1221
YKL211C,1222
YER091C,1223
YOR189W,1224
YER098W,1225
YMR031C,1226
YER111C,1227
YPL160W,1228
YDR378C,1229
YDR473C,1230
YGR091W,1231
YLR438C-A,1232
YNL088W,1233
YAR014C,1234
YER133W,1235
YKL193C,1236
YLL013C,1237
YLR028C,1238
YMR311C,1239
YNL233W,1240
YOR227W,1241
YPL137C,1242
YER139C,1243
YDL065C,1244
YER148W,1245
YGR246C,1246
YHR036W,1247
YNL138W,1248
YER149C,1249
YMR173W,1250
YOL109W,1251
YER155C,1252
YER161C,1253
YER164W,1254
YGL019W,1255
YOR039W,1256
YHR042W,1257
YER172C,1258
YKL173W,1259
YER174C,1260
YBR059C,1261
YGL181W,1262
YGR097W,1263
YLR256W,1264
YMR086W,1265
YOR220W,1266
YER179W,1267
YER060W,1268
YFL002C,1269
YMR097C,1270
YOR355W,1271
YFL007W,1272
YBL106C,1273
YKL081W,1274
YNL215W,1275
YFL016C,1276
YFL017W-A,1277
YLR014C,1278
YJR082C,1279
YFL044C,1280
YFR003C,1281
YFR009W,1282
YGL195W,1283
YHL039W,1284
YJR066W,1285
YOR124C,1286
YFR014C,1287
YFR015C,1288
YKR058W,1289
YLR258W,1290
YFR017C,1291
YPR184W,1292
YFR019W,1293
YFR021W,1294
YHR070W,1295
YFR024C-A,1296
YHR016C,1297
YOR042W,1298
YFR025C,1299
YFR030W,1300
YFR034C,1301
YHR008C,1302
YNL015W,1303
YGR056W,1304
YDL047W,1305
YFR040W,1306
YFR048W,1307
YFL018C,1308
YFR049W,1309
YGL078C,1310
YGL178W,1311
YHR102W,1312
YMR048W,1313
YMR089C,1314
YGL005C,1315
YGL223C,1316
YML071C,1317
YNL041C,1318
YGL009C,1319
YGR171C,1320
YBL020W,1321
YIL099W,1322
YIR030C,1323
YJL088W,1324
YKR070W,1325
YLR211C,1326
YJR025C,1327
YNL112W,1328
YGL020C,1329
YGL035C,1330
YGL039W,1331
YGL044C,1332
YMR061W,1333
YOR250C,1334
YGL045W,1335
YGL004C,1336
YGL141W,1337
YGL049C,1338
YGL050W,1339
YBR045C,1340
YGL057C,1341
YGL067W,1342
YBL059W,1343
YBL061C,1344
YGL073W,1345
YJL194W,1346
YLR419W,1347
YGL086W,1348
YJL030W,1349
YMR323W,1350
YGL090W,1351
YGL100W,1352
YJR042W,1353
YKL057C,1354
YGL094C,1355
YKL025C,1356
YGL097W,1357
YLR293C,1358
YNL247W,1359
YGL099W,1360
YBR128C,1361
YBR296C,1362
YDR270W,1363
YER157W,1364
YGR264C,1365
YHL009W-B,1366
YHR131C,1367
YIR033W,1368
YKL050C,1369
YLR138W,1370
YLR247C,1371
YMR280C,1372
YNL119W,1373
YOR017W,1374
YOR197W,1375
YGL108C,1376
YGL110C,1377
YKR023W,1378
YGL111W,1379
YNL082W,1380
YOR380W,1381
YGL120C,1382
YGL128C,1383
YKR022C,1384
YLR424W,1385
YNL224C,1386
YOL115W,1387
YML007W,1388
YGL125W,1389
YJL065C,1390
YLR260W,1391
YGL155W,1392
YKL019W,1393
YGL171W,1394
YMR034C,1395
YGL166W,1396
YGL167C,1397
YBL030C,1398
YBR085W,1399
YDR342C,1400
YIL146C,1401
YGL175C,1402
YGL203C,1403
YGL206C,1404
YHR035W,1405
YMR041C,1406
YMR125W,1407
YOR101W,1408
YDR098C,1409
YGL220W,1410
YGL227W,1411
YBR105C,1412
YCL039W,1413
YDL176W,1414
YDR255C,1415
YIL017C,1416
YIL097W,1417
YMR135C,1418
YGL229C,1419
YGL234W,1420
YGL237C,1421
YIR025W,1422
YKL022C,1423
YLR127C,1424
YNL172W,1425
YNL076W,1426
YNL208W,1427
YGL253W,1428
YGR003W,1429
YGR010W,1430
YLR328W,1431
YGR030C,1432
YGR037C,1433
YFL026W,1434
YLL019C,1435
YLR359W,1436
YOL152W,1437
YGR068C,1438
YIL094C,1439
YGR071C,1440
YPL128C,1441
YGR072W,1442
YHR077C,1443
YPR057W,1444
YGR075C,1445
YDL098C,1446
YCR089W,1447
YHR061C,1448
YIL067C,1449
YMR012W,1450
YNL175C,1451
YGR237C,1452
YNL251C,1453
YNL061W,1454
YNL176C,1455
YCR035C,1456
YGR095C,1457
YDL111C,1458
YDR280W,1459
YGR195W,1460
YHR069C,1461
YNL232W,1462
YNR024W,1463
YOL021C,1464
YOR001W,1465
YOR076C,1466
YGR067C,1467
YJL192C,1468
YML059C,1469
YMR023C,1470
YMR076C,1471
YOR272W,1472
YPL093W,1473
YFR002W,1474
YGR119C,1475
YGL172W,1476
YJL041W,1477
YGR123C,1478
YGR124W,1479
YLR196W,1480
YGR134W,1481
YJR011C,1482
YPL268W,1483
YER132C,1484
YFL017C,1485
YJR143C,1486
YKR095W,1487
YGR140W,1488
YNL222W,1489
YGR158C,1490
YHR081W,1491
YOL142W,1492
YGR162W,1493
YGR170W,1494
YNL264C,1495
YOL061W,1496
YDR383C,1497
YGR180C,1498
YPL191C,1499
YGR185C,1500
YNR043W,1501
YGR187C,1502
YGR188C,1503
YMR304W,1504
YDR212W,1505
YLR380W,1506
YGR204W,1507
YCL008C,1508
YGR206W,1509
YLR119W,1510
YGR207C,1511
YIL108W,1512
YLR265C,1513
YNR058W,1514
YOR018W,1515
YDR332W,1516
YGR220C,1517
YGR233C,1518
YOL001W,1519
YPL031C,1520
YIL154C,1521
YML056C,1522
YGR240C,1523
YMR205C,1524
YCL064C,1525
YGR245C,1526
YJL008C,1527
YGR248W,1528
YGR250C,1529
YGR281W,1530
YIR001C,1531
YML002W,1532
YML051W,1533
YGR251W,1534
YDL160C,1535
YOR148C,1536
YJL024C,1537
YPL195W,1538
YGR262C,1539
YML036W,1540
YML098W,1541
YPL167C,1542
YJL176C,1543
YOR290C,1544
YGR277C,1545
YPL060W,1546
YGR286C,1547
YHL002W,1548
YNR006W,1549
YHL007C,1550
YHL008C,1551
YHL019C,1552
YPR029C,1553
YHL025W,1554
YCR095C,1555
YHL029C,1556
YHL032C,1557
YOL077C,1558
YHR012W,1559
YJL053W,1560
YJL154C,1561
YHR024C,1562
YLR163C,1563
YHR039C,1564
YGL215W,1565
YKL082C,1566
YMR264W,1567
YHR052W,1568
YLR145W,1569
YNL282W,1570
YHR066W,1571
YDR312W,1572
YKL014C,1573
YNL122C,1574
YPR143W,1575
YHR073W,1576
YBR023C,1577
YDR034C,1578
YIR009W,1579
YML052W,1580
YHR084W,1581
YPL049C,1582
YHR085W,1583
YHR197W,1584
YNL182C,1585
YHR086W,1586
YGR283C,1587
YMR310C,1588
YHR097C,1589
YNL267W,1590
YBR186W,1591
YHR104W,1592
YGL006W,1593
YHR111W,1594
YBR136W,1595
YHR114W,1596
YNL261W,1597
YPL127C,1598
YDR267C,1599
YHR122W,1600
YHR124W,1601
YIL156W,1602
YPR117W,1603
YHR127W,1604
YER125W,1605
YHR138C,1606
YHR143W-A,1607
YIR024C,1608
YHR146W,1609
YMR297W,1610
YHR158C,1611
YER184C,1612
YGR238C,1613
YPR047W,1614
YHR161C,1615
YDR452W,1616
YHR156C,1617
YHR172W,1618
YLR212C,1619
YNL126W,1620
YGR256W,1621
YHR183W,1622
YHR185C,1623
YHR187W,1624
YPL101W,1625
YHR198C,1626
YDR170C,1627
YHR201C,1628
YHR204W,1629
YDL085W,1630
YIL015W,1631
YIL020C,1632
YLR179C,1633
YDR143C,1634
YGL116W,1635
YIL026C,1636
YPL203W,1637
YIL034C,1638
YBR088C,1639
YKL088W,1640
YNL149C,1641
YOR054C,1642
YIL043C,1643
YGR032W,1644
YML072C,1645
YPL249C-A,1646
YIL045W,1647
YDL137W,1648
YIL051C,1649
YDR018C,1650
YDR374C,1651
YIL147C,1652
YIL056W,1653
YLR298C,1654
YIL063C,1655
YBL111C,1656
YIL069C,1657
YBR044C,1658
YKR042W,1659
YOR328W,1660
YBL090W,1661
YDL045W-A,1662
YHR059W,1663
YOL143C,1664
YIL071C,1665
YER120W,1666
YIL079C,1667
YDL153C,1668
YIL091C,1669
YJR002W,1670
YIL096C,1671
YPL061W,1672
YIL098C,1673
YJL180C,1674
YGL131C,1675
YIL101C,1676
YBR011C,1677
YER001W,1678
YKL048C,1679
YNL254C,1680
YIL127C,1681
YJR105W,1682
YIL135C,1683
YOR043W,1684
YIL137C,1685
YBR028C,1686
YIL144W,1687
YOL069W,1688
YFL038C,1689
YIL038C,1690
YJL020C,1691
YKL080W,1692
YKR001C,1693
YNL111C,1694
YIL150C,1695
YIL153W,1696
YIL159W,1697
YIL161W,1698
YNL023C,1699
YIL162W,1700
YER003C,1701
YMR198W,1702
YIR008C,1703
YJR112W,1704
YIR012W,1705
YIR022W,1706
YJL006C,1707
YKL139W,1708
YML112W,1709
YCR105W,1710
YLR386W,1711
YBL014C,1712
YJL025W,1713
YAL008W,1714
YIL115C,1715
YJL061W,1716
YJL044C,1717
YDL175C,1718
YJL050W,1719
YMR137C,1720
YNL299W,1721
YJL051W,1722
YJL063C,1723
YJL068C,1724
YOL017W,1725
YJL070C,1726
YML035C,1727
YDR013W,1728
YJL072C,1729
YDR489W,1730
YOL146W,1731
YPR135W,1732
YJL084C,1733
YJR005W,1734
YJL095W,1735
YDR326C,1736
YGL161C,1737
YPL012W,1738
YJL102W,1739
YJL107C,1740
YJR091C,1741
YOR265W,1742
YJL110C,1743
YIL121W,1744
YJR140C,1745
YPL153C,1746
YBL004W,1747
YJL125C,1748
YNL062C,1749
YDL006W,1750
YJL128C,1751
YDR162C,1752
YJL137C,1753
YDR021W,1754
YDR239C,1755
YER036C,1756
YGR041W,1757
YLR023C,1758
YJL144W,1759
YJL146W,1760
YJR063W,1761
YOR069W,1762
YOR132W,1763
YPL070W,1764
YJL155C,1765
YLR345W,1766
YJL164C,1767
YJL168C,1768
YMR075W,1769
YFL049W,1770
YNR023W,1771
YJR121W,1772
YNL315C,1773
YJL184W,1774
YKR038C,1775
YJL197W,1776
YJL217W,1777
YPR118W,1778
YJR006W,1779
YJR043C,1780
YJR010C-A,1781
YBR291C,1782
YDL015C,1783
YDL081C,1784
YDR033W,1785
YER145C,1786
YFR022W,1787
YKL009W,1788
YLR066W,1789
YLR185W,1790
YML055W,1791
YNR021W,1792
YOR086C,1793
YOR193W,1794
YOR028C,1795
YJR017C,1796
YJR032W,1797
YIL041W,1798
YPL161C,1799
YJR036C,1800
YJR041C,1801
YKL214C,1802
YPL178W,1803
YDL102W,1804
YJR047C,1805
YJR052W,1806
YPL046C,1807
YJR059W,1808
YJR060W,1809
YJR069C,1810
YJR084W,1811
YPR045C,1812
YBR156C,1813
YJR089W,1814
YGR031W,1815
YJR092W,1816
YJR104C,1817
YMR038C,1818
YJL130C,1819
YJR109C,1820
YOR303W,1821
YJR119C,1822
YKL004W,1823
YBR275C,1824
YKL005C,1825
YLR304C,1826
YAL053W,1827
YLR167W,1828
YKL035W,1829
YKL041W,1830
YLR025W,1831
YKL047W,1832
YGR229C,1833
YFR032C,1834
YKL058W,1835
YOR194C,1836
YLR362W,1837
YKL069W,1838
YKL075C,1839
YNL164C,1840
YKL078W,1841
YNL186W,1842
YHR155W,1843
YKR072C,1844
YKL092C,1845
YKL093W,1846
YJL118W,1847
YLR273C,1848
YKL095W,1849
YKL096W-A,1850
YKL108W,1851
YGR155W,1852
YGR200C,1853
YKL110C,1854
YKL113C,1855
YBR180W,1856
YGL140C,1857
YGR136W,1858
YJR103W,1859
YOR262W,1860
YKL129C,1861
YKL124W,1862
YBR083W,1863
YKL126W,1864
YMR104C,1865
YKL128C,1866
YFL034W,1867
YKL135C,1868
YPL259C,1869
YEL043W,1870
YFL054C,1871
YJL129C,1872
YKL151C,1873
YNR037C,1874
YKL159C,1875
YKL160W,1876
YLR219W,1877
YDL069C,1878
YKL164C,1879
YKL185W,1880
YKL190W,1881
YGR209C,1882
YKL195W,1883
YAL012W,1884
YKL210W,1885
YDR415C,1886
YHR082C,1887
YLR084C,1888
YOR184W,1889
YKL212W,1890
YPL099C,1891
YKR003W,1892
YDL117W,1893
YKR010C,1894
YKR011C,1895
YKR024C,1896
YFR001W,1897
YDL144C,1898
YFR008W,1899
YKR027W,1900
YLR330W,1901
YKL138C-A,1902
YKR049C,1903
YBR254C,1904
YDR023W,1905
YKR071C,1906
YPR048W,1907
YBR073W,1908
YJR131W,1909
YKR056W,1910
YHR025W,1911
YKR082W,1912
YBR233W-A,1913
YKR086W,1914
YKR098C,1915
YGL180W,1916
YLL001W,1917
YLL002W,1918
YLL010C,1919
YLR019W,1920
YJR154W,1921
YMR233W,1922
YLL027W,1923
YKL040C,1924
YLL032C,1925
YLL060C,1926
YHR179W,1927
YOR074C,1928
YLL062C,1929
YLR002C,1930
YLR006C,1931
YLR011W,1932
YLR246W,1933
YLR022C,1934
YNL163C,1935
YLR027C,1936
YBR228W,1937
YMR120C,1938
YLR032W,1939
YLR035C,1940
YMR167W,1941
YDR137W,1942
YLR039C,1943
YIL047C,1944
YDR406W,1945
YLR060W,1946
YFL022C,1947
YLR069C,1948
YGL068W,1949
YLR082C,1950
YKL112W,1951
YLR090W,1952
YLR096W,1953
YKL074C,1954
YLR116W,1955
YPL065W,1956
YLR131C,1957
YLR135W,1958
YLR143W,1959
YMR170C,1960
YLR144C,1961
YLR146C,1962
YPR069C,1963
YLR153C,1964
YPR074C,1965
YNL072W,1966
YBR019C,1967
YLR170C,1968
YBR042C,1969
YFR043C,1970
YDR113C,1971
YLR176C,1972
YKR077W,1973
YLR187W,1974
YLR194C,1975
YNL050C,1976
YJL010C,1977
YOL144W,1978
YLR203C,1979
YLR210W,1980
YHR074W,1981
YLR216C,1982
YLR218C,1983
YGL134W,1984
YGR033C,1985
YLR221C,1986
YJL147C,1987
YLR226W,1988
YPR161C,1989
YLR231C,1990
YAL044C,1991
YLR239C,1992
YLR113W,1993
YLR248W,1994
YER136W,1995
YLR262C,1996
YLR270W,1997
YOR173W,1998
YJL035C,1999
YLR278C,2000
YLR442C,2001
YLR287C,2002
YML029W,2003
YLR288C,2004
YBL078C,2005
YLR295C,2006
YLR299W,2007
YLR319C,2008
YOR304C-A,2009
YLR320W,2010
YMR187C,2011
YLR325C,2012
YMR237W,2013
YLR333C,2014
YLR336C,2015
YLR337C,2016
YOR181W,2017
YOR219C,2018
YGR043C,2019
YLR354C,2020
YLR356W,2021
YLR363W-A,2022
YLR371W,2023
YLR373C,2024
YLR375W,2025
YLR377C,2026
YLR381W,2027
YLR382C,2028
YDL173W,2029
YPL086C,2030
YLR387C,2031
YBR248C,2032
YLR401C,2033
YLR407W,2034
YPL166W,2035
YPR049C,2036
YER048C,2037
YOR145C,2038
YPL218W,2039
YLR430W,2040
YLR433C,2041
YBL007C,2042
YNL207W,2043
YEL025C,2044
YLR452C,2045
YML085C,2046
YNL327W,2047
YLR455W,2048
YML006C,2049
YML016C,2050
YML017W,2051
YML025C,2052
YKL167C,2053
YML032C,2054
YML034W,2055
YGR062C,2056
YBR140C,2057
YML058W,2058
YDR192C,2059
YDR498C,2060
YFL037W,2061
YGR255C,2062
YJL056C,2063
YKL037W,2064
YLR148W,2065
YLR454W,2066
YNL291C,2067
YNL310C,2068
YOR346W,2069
YPL115C,2070
YPR083W,2071
YML064C,2072
YJR053W,2073
YGR120C,2074
YPR105C,2075
YHR054C,2076
YML091C,2077
YCR072C,2078
YML093W,2079
YML101C,2080
YFL041W,2081
YCR042C,2082
YML114C,2083
YML124C,2084
YCR053W,2085
YML126C,2086
YML131W,2087
YDR470C,2088
YOL154W,2089
YOR092W,2090
YIL016W,2091
YMR010W,2092
YMR014W,2093
YGR271C-A,2094
YBL063W,2095
YMR016C,2096
YMR020W,2097
YMR027W,2098
YMR043W,2099
YNL042W,2100
YJL066C,2101
YNL273W,2102
YLL008W,2103
YMR068W,2104
YMR071C,2105
YNL065W,2106
YHR076W,2107
YMR079W,2108
YKL091C,2109
YBR161W,2110
YCL044C,2111
YEL047C,2112
YCL036W,2113
YMR106C,2114
YAR062W,2115
YMR108W,2116
YPL247C,2117
YMR110C,2118
YMR123W,2119
YLR064W,2120
YMR127C,2121
YMR128W,2122
YDL197C,2123
YNR046W,2124
YMR131C,2125
YPL144W,2126
YPL207W,2127
YMR139W,2128
YGR142W,2129
YMR144W,2130
YMR149W,2131
YMR169C,2132
YMR172W,2133
YDL004W,2134
YDL066W,2135
YMR118C,2136
YMR277W,2137
YAL028W,2138
YBL104C,2139
YDL048C,2140
YEL070W,2141
YER020W,2142
YJR139C,2143
YNR022C,2144
YOR027W,2145
YOR057W,2146
YMR188C,2147
YEL050C,2148
YMR193W,2149
YKR085C,2150
YMR200W,2151
YOR021C,2152
YMR201C,2153
YBL105C,2154
YMR219W,2155
YBL044W,2156
YML031W,2157
YBR289W,2158
YMR228W,2159
YJR106W,2160
YKR036C,2161
YML008C,2162
YPR186C,2163
YDR545W,2164
YLR276C,2165
YMR239C,2166
YOR049C,2167
YOR319W,2168
YMR258C,2169
YKR014C,2170
YBR061C,2171
YMR259C,2172
YGR108W,2173
YMR275C,2174
YMR276W,2175
YNL268W,2176
YPR002W,2177
YGR052W,2178
YIR019C,2179
YDR263C,2180
YMR291W,2181
YGL013C,2182
YOR137C,2183
YDR538W,2184
YLR436C,2185
YNL024C,2186
YNL030W,2187
YNL031C,2188
YLR072W,2189
YDR287W,2190
YNL035C,2191
YHR182W,2192
YNL037C,2193
YOR136W,2194
YNL045W,2195
YKL029C,2196
YNL049C,2197
YNL051W,2198
YGL187C,2199
YNL052W,2200
YPL211W,2201
YNL067W,2202
YNL068C,2203
YBR221C,2204
YNL071W,2205
YER178W,2206
YNL073W,2207
YNL078W,2208
YIR006C,2209
YNL085W,2210
YNL092W,2211
YNL094W,2212
YNL098C,2213
YNL032W,2214
YNL099C,2215
YNL056W,2216
YNL103W,2217
YER040W,2218
YNL104C,2219
YOR108W,2220
YEL060C,2221
YNL110C,2222
YCR102C,2223
YNL134C,2224
YPR166C,2225
YKL003C,2226
YNL253W,2227
YNL155W,2228
YOR201C,2229
YAL067C,2230
YNL162W,2231
YIR021W,2232
YOL097C,2233
YPR144C,2234
YEL013W,2235
YNL168C,2236
YNL177C,2237
YGL232W,2238
YOR098C,2239
YDR173C,2240
YNL220W,2241
YOR187W,2242
YNL227C,2243
YNL229C,2244
YNL234W,2245
YNL238W,2246
YOL031C,2247
YFR028C,2248
YNL250W,2249
YBR065C,2250
YPL190C,2251
YNL255C,2252
YMR074C,2253
YNL256W,2254
YBL023C,2255
YHR046C,2256
YPR037C,2257
YER153C,2258
YNL274C,2259
YKR103W,2260
YNL272C,2261
YNL288W,2262
YHR011W,2263
YNL292W,2264
YNL293W,2265
YEL017W,2266
YNL294C,2267
YNL304W,2268
YCL057W,2269
YGR012W,2270
YNL313C,2271
YAL031C,2272
YBL010C,2273
YBR166C,2274
YNL325C,2275
YOR336W,2276
YNR011C,2277
YNR014W,2278
YNR016C,2279
YMR207C,2280
YER143W,2281
YNR034W,2282
YNR036C,2283
YML014W,2284
YOL124C,2285
YBR235W,2286
YNR053C,2287
YBR259W,2288
YOL010W,2289
YOL016C,2290
YOL025W,2291
YCL004W,2292
YOL028C,2293
YPR054W,2294
YOL033W,2295
YOL052C,2296
YOL057W,2297
YOL059W,2298
YOL064C,2299
YOL068C,2300
YOL098C,2301
YDR123C,2302
YOL108C,2303
YER166W,2304
YOL149W,2305
YOL159C-A,2306
YBR137W,2307
YOR007C,2308
YOL111C,2309
YOR023C,2310
YOR035C,2311
YOR046C,2312
YDL077C,2313
YOR051C,2314
YOR064C,2315
YOR078W,2316
YPR137W,2317
YOR081C,2318
YOR083W,2319
YOR091W,2320
YOR097C,2321
YGR061C,2322
YOR138C,2323
YOR127W,2324
YDR186C,2325
YOR142W,2326
YGR244C,2327
YOR144C,2328
YOL094C,2329
YOR162C,2330
YOR168W,2331
YNL019C,2332
YOR172W,2333
YKR067W,2334
YMR287C,2335
YOR349W,2336
YOR179C,2337
YGL164C,2338
YOR185C,2339
YOR188W,2340
YOR191W,2341
YOR195W,2342
YOR196C,2343
YMR116C,2344
YOR209C,2345
YNL022C,2346
YOR213C,2347
YPL225W,2348
YOR230W,2349
YOR242C,2350
YOR249C,2351
YER004W,2352
YOR252W,2353
YOR254C,2354
YLR292C,2355
YGL064C,2356
YGL143C,2357
YOR269W,2358
YOR276W,2359
YOR289W,2360
YPL016W,2361
YOR305W,2362
YHR137W,2363
YIL169C,2364
YOR334W,2365
YPR151C,2366
YDR322C-A,2367
YOR335C,2368
YOR347C,2369
YOR353C,2370
YOR359W,2371
YGL016W,2372
YOR368W,2373
YOR374W,2374
YJL187C,2375
YPL009C,2376
YPL020C,2377
YPL183C,2378
YPL028W,2379
YER059W,2380
YLR190W,2381
YPL219W,2382
YPL032C,2383
YPL040C,2384
YPL066W,2385
YLR425W,2386
YPL074W,2387
YPL084W,2388
YPL090C,2389
YGL017W,2390
YPL105C,2391
YPL110C,2392
YPL116W,2393
YDR079C-A,2394
YPL122C,2395
YPL133C,2396
YLL023C,2397
YJL087C,2398
YPL141C,2399
YJR004C,2400
YJR124C,2401
YEL039C,2402
YLR021W,2403
YPL150W,2404
YPR198W,2405
YPL169C,2406
YPL170W,2407
YPL177C,2408
YPL180W,2409
YBR223C,2410
YFL021W,2411
YPL212C,2412
YKL215C,2413
YPL199C,2414
YPL201C,2415
YBR274W,2416
YJR110W,2417
YPL209C,2418
YER156C,2419
YLR034C,2420
YPL227C,2421
YGL130W,2422
YPL228W,2423
YKL182W,2424
YPL231W,2425
YPL239W,2426
YPL245W,2427
YPL222W,2428
YPL263C,2429
YPR007C,2430
YPR008W,2431
YPR025C,2432
YIL177C,2433
YMR159C,2434
YOR156C,2435
YPR081C,2436
YPR040W,2437
YML106W,2438
YPR061C,2439
YPR062W,2440
YLL055W,2441
YPR065W,2442
YBR117C,2443
YPR093C,2444
YPR101W,2445
YPR114W,2446
YDR266C,2447
YPR119W,2448
YPR120C,2449
YOL076W,2450
YPR131C,2451
YPR133C,2452
YCL054W,2453
YDL156W,2454
YDR117C,2455
YJL131C,2456
YBL081W,2457
YPR173C,2458
YDL020C,2459
YOR287C,2460
YPR188C,2461
YHR023W,2462
YPR080W,2463
YLR133W,2464
YNL206C,2465
YKR043C,2466
YBR066C,2467
YKR015C,2468
YBR097W,2469
YLR215C,2470
YBR176W,2471
YBR214W,2472
YDL239C,2473
YGL082W,2474
YNR050C,2475
YCL045C,2476
YLR312C,2477
YCR003W,2478
YIL107C,2479
YCR059C,2480
YCR065W,2481
YJR102C,2482
YPL002C,2483
YDR116C,2484
YLR097C,2485
YDL085C-A,2486
YDR055W,2487
YDL168W,2488
YDL234C,2489
YIL078W,2490
YDL236W,2491
YDL238C,2492
YHR047C,2493
YDR027C,2494
YNL009W,2495
YDR032C,2496
YDR047W,2497
YDL164C,2498
YIL046W,2499
YPR078C,2500
YDR124W,2501
YNL044W,2502
YDR169C,2503
YBR196C,2504
YDR495C,2505
YDR189W,2506
YLR026C,2507
YBL055C,2508
YJR125C,2509
YOR133W,2510
YDR484W,2511
YJL029C,2512
YDR486C,2513
YLR181C,2514
YDR532C,2515
YGL093W,2516
YEL054C,2517
YOR293W,2518
YER007W,2519
YBL057C,2520
YBR168W,2521
YBR237W,2522
YCL061C,2523
YDR275W,2524
YEL057C,2525
YGL027C,2526
YHL030W,2527
YJL165C,2528
YKL100C,2529
YKL132C,2530
YKR101W,2531
YOL018C,2532
YOR128C,2533
YER063W,2534
YKL007W,2535
YFR036W,2536
YMR100W,2537
YGR267C,2538
YOL045W,2539
YPR115W,2540
YHR007C,2541
YML076C,2542
YGR177C,2543
YGR202C,2544
YDL059C,2545
YGR278W,2546
YHL014C,2547
YKR059W,2548
YGL113W,2549
YBR025C,2550
YER041W,2551
YLR341W,2552
YOL022C,2553
YHR079C,2554
YIL128W,2555
YDR300C,2556
YHR169W,2557
YIL039W,2558
YDR140W,2559
YIL050W,2560
YFL033C,2561
YIL143C,2562
YIR007W,2563
YER043C,2564
YIR015W,2565
YIR035C,2566
YJL023C,2567
YOL120C,2568
YOR212W,2569
YPL220W,2570
YJL062W-A,2571
YNL230C,2572
YJL159W,2573
YJL162C,2574
YDR202C,2575
YJR058C,2576
YMR028W,2577
YJR098C,2578
YBL099W,2579
YJR156C,2580
YCL047C,2581
YIL007C,2582
YGL063W,2583
YOR243C,2584
YLR048W,2585
YLR057W,2586
YMR289W,2587
YNL025C,2588
YDR313C,2589
YLR083C,2590
YLR089C,2591
YLR132C,2592
YLR178C,2593
YMR257C,2594
YDR164C,2595
YAR015W,2596
YLR312W-A,2597
YLR403W,2598
YLR417W,2599
YLR426W,2600
YML043C,2601
YML060W,2602
YML107C,2603
YDR058C,2604
YMR271C,2605
YML121W,2606
YJL082W,2607
YMR029C,2608
YEL021W,2609
YMR064W,2610
YMR098C,2611
YMR113W,2612
YMR154C,2613
YGR263C,2614
YER107C,2615
YKL134C,2616
YBR151W,2617
YNL239W,2618
YNL286W,2619
YPL059W,2620
YNR038W,2621
YOL013C,2622
YCL030C,2623
YDR127W,2624
YFR044C,2625
YKL024C,2626
YOR375C,2627
YOL065C,2628
YOL072W,2629
YOR164C,2630
YJR051W,2631
YGR211W,2632
YOR009W,2633
YOR052C,2634
YOR056C,2635
YOR089C,2636
YOR370C,2637
YMR105C,2638
YOR090C,2639
YNL039W,2640
YOR140W,2641
YDR011W,2642
YDR179W-A,2643
YGL201C,2644
YOR236W,2645
YOR238W,2646
YLR447C,2647
YOR270C,2648
YOR112W,2649
YOR299W,2650
YOR322C,2651
YOR342C,2652
YOR352W,2653
YOR360C,2654
YOR365C,2655
YPL003W,2656
YPL051W,2657
YPL081W,2658
YPL111W,2659
YPL155C,2660
YDR065W,2661
YLL033W,2662
YLR091W,2663
YPR134W,2664
YPR140W,2665
YIL149C,2666
YPR163C,2667
YML078W,2668
YDR142C,2669
YJR012C,2670
